{
    "criteria": {
      "requirement": {
        "trigger": "minecraft:player_killed_entity",
        "conditions": {
          "entity": [
            {
              "condition": "minecraft:entity_properties",
              "entity": "this",
              "predicate": {
                "type": "minecraft:zombified_piglin",
                "nbt": "{Tags:[\"SGArcheryTarget\"]}"
              }
            }
          ]
        }
      }
    },
    "rewards": {
      "function": "sg:lobby/archery/gameplay/zombies/hit"
    }
  }
  