[
    {
      "function": "minecraft:set_lore",
      "entity": "this",
      "lore": [
        [
          {
            "translate": "text.lobby.team_select.item.dark_red.lore",
            "color": "dark_gray",
            "italic": true
          }
        ],
        [
          {
            "translate": "text.lobby.team_select.item.current_players.lore",
            "color": "#ed771c",
            "italic": false
          },
          {
            "score": {
              "name": "#Dark_RedCount",
              "objective": "teams"
            },
            "color": "gray",
            "italic": false
          }
        ],
        [
          {
            "translate": "text.lobby.team_select.item.max_players.lore",
            "color": "#ed771c",
            "italic": false
          },
          {
            "score": {
              "name": "$MaxTeamSize",
              "objective": "teams"
            },
            "color": "gray",
            "italic": false
          }
        ],
        [
          {
            "text": "",
            "color": "white",
            "italic": false
          }
        ],
        [
          {
            "text": "",
            "color": "white",
            "italic": false
          },
          {
            "selector": "@a[team=Dark_Red]",
            "color": "white",
            "italic": false
          }
        ]
      ],
      "mode": "replace_all"
    }
  ]
  