{
	"credit": "Made with Blockbench",
	"textures": {
		"0": "sg:item/green_arrow",
		"particle": "sg:item/green_arrow"
	},
	"elements": [
		{
			"from": [-0.5, 9, 8.501],
			"to": [16.5, 26, 8.501],
			"faces": {
				"north": {"uv": [0, 0, 16, 16], "texture": "#0"},
				"east": {"uv": [0, 0, 0, 16], "texture": "#missing"},
				"south": {"uv": [16, 0, 0, 16], "texture": "#0"},
				"west": {"uv": [0, 0, 0, 16], "texture": "#missing"},
				"up": {"uv": [0, 0, 16, 0], "texture": "#missing"},
				"down": {"uv": [0, 0, 16, 0], "texture": "#missing"}
			}
		},
		{
			"from": [-0.5, 9, 7.499],
			"to": [16.5, 26, 7.499],
			"faces": {
				"north": {"uv": [0, 0, 16, 16], "texture": "#0"},
				"east": {"uv": [0, 0, 0, 16], "texture": "#missing"},
				"south": {"uv": [16, 0, 0, 16], "texture": "#0"},
				"west": {"uv": [0, 0, 0, 16], "texture": "#missing"},
				"up": {"uv": [0, 0, 16, 0], "texture": "#missing"},
				"down": {"uv": [0, 0, 16, 0], "texture": "#missing"}
			}
		},
		{
			"from": [7.5, 10, 7.5],
			"to": [8.5, 11, 8.5],
			"faces": {
				"north": {"uv": [2.82353, 8.47059, 3.32353, 8.97059], "texture": "#0"},
				"east": {"uv": [2.82353, 8.47059, 3.32353, 8.97059], "texture": "#0"},
				"south": {"uv": [2.82353, 8.47059, 3.32353, 8.97059], "texture": "#0"},
				"west": {"uv": [2.82353, 8.47059, 3.32353, 8.97059], "texture": "#0"},
				"up": {"uv": [2.82353, 8.47059, 3.32353, 8.97059], "texture": "#0"},
				"down": {"uv": [2.82353, 8.47059, 3.32353, 8.97059], "texture": "#0"}
			}
		},
		{
			"from": [6.5, 11, 7.5],
			"to": [9.5, 12, 8.5],
			"faces": {
				"north": {"uv": [2.82353, 8.47059, 3.32353, 8.97059], "texture": "#0"},
				"east": {"uv": [2.82353, 8.47059, 3.32353, 8.97059], "texture": "#0"},
				"south": {"uv": [2.82353, 8.47059, 3.32353, 8.97059], "texture": "#0"},
				"west": {"uv": [2.82353, 8.47059, 3.32353, 8.97059], "texture": "#0"},
				"up": {"uv": [2.82353, 8.47059, 3.32353, 8.97059], "texture": "#0"},
				"down": {"uv": [2.82353, 8.47059, 3.32353, 8.97059], "texture": "#0"}
			}
		},
		{
			"from": [5.5, 12, 7.5],
			"to": [10.5, 13, 8.5],
			"faces": {
				"north": {"uv": [2.82353, 8.47059, 3.32353, 8.97059], "texture": "#0"},
				"east": {"uv": [2.82353, 8.47059, 3.32353, 8.97059], "texture": "#0"},
				"south": {"uv": [2.82353, 8.47059, 3.32353, 8.97059], "texture": "#0"},
				"west": {"uv": [2.82353, 8.47059, 3.32353, 8.97059], "texture": "#0"},
				"up": {"uv": [2.82353, 8.47059, 3.32353, 8.97059], "texture": "#0"},
				"down": {"uv": [2.82353, 8.47059, 3.32353, 8.97059], "texture": "#0"}
			}
		},
		{
			"from": [4.5, 13, 7.5],
			"to": [11.5, 14, 8.5],
			"faces": {
				"north": {"uv": [2.82353, 8.47059, 3.32353, 8.97059], "texture": "#0"},
				"east": {"uv": [2.82353, 8.47059, 3.32353, 8.97059], "texture": "#0"},
				"south": {"uv": [2.82353, 8.47059, 3.32353, 8.97059], "texture": "#0"},
				"west": {"uv": [2.82353, 8.47059, 3.32353, 8.97059], "texture": "#0"},
				"up": {"uv": [2.82353, 8.47059, 3.32353, 8.97059], "texture": "#0"},
				"down": {"uv": [2.82353, 8.47059, 3.32353, 8.97059], "texture": "#0"}
			}
		},
		{
			"from": [3.5, 14, 7.5],
			"to": [12.5, 15, 8.5],
			"faces": {
				"north": {"uv": [2.82353, 8.47059, 3.32353, 8.97059], "texture": "#0"},
				"east": {"uv": [2.82353, 8.47059, 3.32353, 8.97059], "texture": "#0"},
				"south": {"uv": [2.82353, 8.47059, 3.32353, 8.97059], "texture": "#0"},
				"west": {"uv": [2.82353, 8.47059, 3.32353, 8.97059], "texture": "#0"},
				"up": {"uv": [2.82353, 8.47059, 3.32353, 8.97059], "texture": "#0"},
				"down": {"uv": [2.82353, 8.47059, 3.32353, 8.97059], "texture": "#0"}
			}
		},
		{
			"from": [2.5, 15, 7.5],
			"to": [13.5, 17, 8.5],
			"faces": {
				"north": {"uv": [2.82353, 8.47059, 3.32353, 8.97059], "texture": "#0"},
				"east": {"uv": [2.82353, 8.47059, 3.32353, 8.97059], "texture": "#0"},
				"south": {"uv": [2.82353, 8.47059, 3.32353, 8.97059], "texture": "#0"},
				"west": {"uv": [2.82353, 8.47059, 3.32353, 8.97059], "texture": "#0"},
				"up": {"uv": [2.82353, 8.47059, 3.32353, 8.97059], "texture": "#0"},
				"down": {"uv": [2.82353, 8.47059, 3.32353, 8.97059], "texture": "#0"}
			}
		}
	]
}