{
  "model": {
    "type": "minecraft:range_dispatch",
    "property": "minecraft:custom_model_data",
    "entries": [
      {
        "threshold": 0,
        "model": {
          "type": "minecraft:model",
          "model": "sg:item/countdown_timer/0"
        }
      },
      {
        "threshold": 1,
        "model": {
          "type": "minecraft:model",
          "model": "sg:item/countdown_timer/1"
        }
      },
      {
        "threshold": 2,
        "model": {
          "type": "minecraft:model",
          "model": "sg:item/countdown_timer/2"
        }
      },
      {
        "threshold": 3,
        "model": {
          "type": "minecraft:model",
          "model": "sg:item/countdown_timer/3"
        }
      },
      {
        "threshold": 4,
        "model": {
          "type": "minecraft:model",
          "model": "sg:item/countdown_timer/4"
        }
      },
      {
        "threshold": 5,
        "model": {
          "type": "minecraft:model",
          "model": "sg:item/countdown_timer/5"
        }
      },
      {
        "threshold": 6,
        "model": {
          "type": "minecraft:model",
          "model": "sg:item/countdown_timer/6"
        }
      },
      {
        "threshold": 7,
        "model": {
          "type": "minecraft:model",
          "model": "sg:item/countdown_timer/7"
        }
      },
      {
        "threshold": 8,
        "model": {
          "type": "minecraft:model",
          "model": "sg:item/countdown_timer/8"
        }
      },
      {
        "threshold": 9,
        "model": {
          "type": "minecraft:model",
          "model": "sg:item/countdown_timer/9"
        }
      },
      {
        "threshold": 10,
        "model": {
          "type": "minecraft:model",
          "model": "sg:item/countdown_timer/10"
        }
      },
      {
        "threshold": 11,
        "model": {
          "type": "minecraft:model",
          "model": "sg:item/countdown_timer/11"
        }
      },
      {
        "threshold": 12,
        "model": {
          "type": "minecraft:model",
          "model": "sg:item/countdown_timer/12"
        }
      },
      {
        "threshold": 13,
        "model": {
          "type": "minecraft:model",
          "model": "sg:item/countdown_timer/13"
        }
      },
      {
        "threshold": 14,
        "model": {
          "type": "minecraft:model",
          "model": "sg:item/countdown_timer/14"
        }
      },
      {
        "threshold": 15,
        "model": {
          "type": "minecraft:model",
          "model": "sg:item/countdown_timer/15"
        }
      },
      {
        "threshold": 16,
        "model": {
          "type": "minecraft:model",
          "model": "sg:item/countdown_timer/16"
        }
      },
      {
        "threshold": 17,
        "model": {
          "type": "minecraft:model",
          "model": "sg:item/countdown_timer/17"
        }
      },
      {
        "threshold": 18,
        "model": {
          "type": "minecraft:model",
          "model": "sg:item/countdown_timer/18"
        }
      },
      {
        "threshold": 19,
        "model": {
          "type": "minecraft:model",
          "model": "sg:item/countdown_timer/19"
        }
      }
    ]
  }
}