{
  "type": "minecraft:chest",
  "pools": [
    {
      "rolls": {
        "min": 4,
        "max": 6
      },
      "entries": [
        {
          "type": "minecraft:loot_table",
          "weight": 2,
          "value": "sg:memes/horn"
        },
        {
          "type": "minecraft:item",
          "weight": 4,
          "name": "minecraft:diamond",
          "functions": [
            {
              "function": "minecraft:set_count",
              "count": {
                "min": 1,
                "max": 2
              }
            }
          ]
        },
        {
          "type": "minecraft:item",
          "weight": 16,
          "name": "minecraft:gold_ingot",
          "functions": [
            {
              "function": "minecraft:set_count",
              "count": {
                "min": 1,
                "max": 3
              }
            }
          ]
        },
        {
          "type": "minecraft:item",
          "weight": 20,
          "name": "minecraft:iron_ingot",
          "functions": [
            {
              "function": "minecraft:set_count",
              "count": {
                "min": 2,
                "max": 4
              }
            }
          ]
        },
        {
          "type": "minecraft:item",
          "weight": 6,
          "name": "minecraft:arrow",
          "functions": [
            {
              "function": "minecraft:set_count",
              "count": {
                "min": 5,
                "max": 10
              }
            }
          ]
        },
        {
          "type": "minecraft:item",
          "weight": 2,
          "name": "minecraft:spyglass"
        },
        {
          "type": "minecraft:item",
          "weight": 6,
          "name": "minecraft:cooked_cod",
          "functions": [
            {
              "function": "minecraft:set_count",
              "count": {
                "min": 2,
                "max": 5
              }
            }
          ]
        },
        {
          "type": "minecraft:item",
          "weight": 6,
          "name": "minecraft:cooked_chicken",
          "functions": [
            {
              "function": "minecraft:set_count",
              "count": {
                "min": 2,
                "max": 5
              }
            }
          ]
        },
        {
          "type": "minecraft:item",
          "weight": 6,
          "name": "minecraft:cooked_beef",
          "functions": [
            {
              "function": "minecraft:set_count",
              "count": {
                "min": 2,
                "max": 4
              }
            }
          ]
        },
        {
          "type": "minecraft:item",
          "weight": 8,
          "name": "minecraft:experience_bottle",
          "functions": [
            {
              "function": "minecraft:set_count",
              "count": {
                "min": 6,
                "max": 8
              }
            }
          ]
        },
        {
          "type": "minecraft:item",
          "name": "minecraft:enchanted_book",
          "weight": 1,
          "functions": [
            {
              "function": "minecraft:set_enchantments",
              "enchantments": {
                "minecraft:protection": 1
              }
            },
            {
              "function": "set_count",
              "count": 1
            }
          ]
        },
        {
          "type": "minecraft:item",
          "name": "minecraft:enchanted_book",
          "weight": 1,
          "functions": [
            {
              "function": "minecraft:set_enchantments",
              "enchantments": {
                "minecraft:projectile_protection": 1
              }
            },
            {
              "function": "set_count",
              "count": 1
            }
          ]
        },
        {
          "type": "minecraft:item",
          "name": "minecraft:enchanted_book",
          "weight": 1,
          "functions": [
            {
              "function": "minecraft:set_enchantments",
              "enchantments": {
                "minecraft:sharpness": 1
              }
            },
            {
              "function": "set_count",
              "count": 1
            }
          ]
        },
        {
          "type": "minecraft:item",
          "name": "minecraft:enchanted_book",
          "weight": 1,
          "functions": [
            {
              "function": "minecraft:set_enchantments",
              "enchantments": {
                "minecraft:knockback": 1
              }
            },
            {
              "function": "set_count",
              "count": 1
            }
          ]
        },
        {
          "type": "minecraft:item",
          "name": "minecraft:enchanted_book",
          "weight": 1,
          "functions": [
            {
              "function": "minecraft:set_enchantments",
              "enchantments": {
                "minecraft:power": 1
              }
            },
            {
              "function": "set_count",
              "count": 1
            }
          ]
        }
      ]
    }
  ]
}