{
	"credit": "Made with Blockbench",
	"texture_size": [128, 128],
	"textures": {
		"0": "sg:block/map_glass",
		"particle": "sg:block/map_glass"
	},
	"elements": [
		{
			"from": [-16, 8, -16],
			"to": [32, 8, 32],
			"faces": {
				"north": {"uv": [0, 0, 6, 0], "texture": "#0"},
				"east": {"uv": [0, 0, 6, 0], "texture": "#0"},
				"south": {"uv": [0, 0, 6, 0], "texture": "#0"},
				"west": {"uv": [0, 0, 6, 0], "texture": "#0"},
				"up": {"uv": [16, 16, 0, 0], "texture": "#0"},
				"down": {"uv": [16, 0, 0, 16], "texture": "#0"}
			}
		}
	],
	"display": {
		"thirdperson_righthand": {
			"rotation": [47.5, 10.99, 28.11],
			"translation": [0, 0, 1.5],
			"scale": [0.35, 1, 0.35]
		},
		"thirdperson_lefthand": {
			"rotation": [47.5, 10.99, 28.11],
			"translation": [0, 0, 1.5],
			"scale": [0.35, 1, 0.35]
		},
		"firstperson_righthand": {
			"rotation": [53.89, 13.22, 27.91],
			"translation": [2, 2, 0],
			"scale": [0.35, 0.35, 0.35]
		},
		"firstperson_lefthand": {
			"rotation": [53.89, 13.22, 27.91],
			"translation": [2, 2, 0],
			"scale": [0.35, 0.35, 0.35]
		},
		"ground": {
			"rotation": [5, 0, 12]
		},
		"gui": {
			"rotation": [90, 0, 0],
			"scale": [0.35, 1, 0.35]
		},
		"head": {
			"translation": [0, -45, 0],
			"scale": [4, 1, 4]
		},
		"fixed": {
			"rotation": [-90, 0, 0],
			"scale": [0.35, 1, 0.35]
		}
	}
}