{
    "type": "minecraft:fishing",
    "pools": [
      {
        "rolls": 1,
        "bonus_rolls": 0,
        "entries": [
          {
            "type": "minecraft:item",
            "weight": 40,
            "name": "minecraft:cod"
          },
          {
            "type": "minecraft:item",
            "weight": 40,
            "name": "minecraft:salmon"
          },
          {
            "type": "minecraft:item",
            "weight": 20,
            "name": "minecraft:cooked_cod"
          },
          {
            "type": "minecraft:item",
            "weight": 20,
            "name": "minecraft:cooked_salmon"
          }
        ]
      }
    ]
  }
  