{
    "type": "minecraft:fishing",
    "pools": [
      {
        "rolls": 1,
        "entries": [
            {
                "type": "minecraft:item",
                "weight": 1,
                "name": "minecraft:netherite_upgrade_smithing_template"
            }
        ]
      },
      {
        "rolls": 1,
        "entries": [
            {
                "type": "minecraft:item",
                "weight": 1,
                "name": "minecraft:netherite_ingot"
            }
        ]
      }
    ]
  }
  