{
    "type": "minecraft:fishing",
    "pools": [
      {
        "rolls": 1,
        "bonus_rolls": 0,
        "entries": [
            {
                "type": "minecraft:item",
                "weight": 15,
                "name": "minecraft:leather"
              },
              {
                "type": "minecraft:item",
                "weight": 15,
                "name": "minecraft:cobblestone"
              },
              {
                "type": "minecraft:item",
                "weight": 15,
                "name": "minecraft:oak_planks"
              },
              {
                "type": "minecraft:item",
                "weight": 15,
                "name": "minecraft:stick"
              },
              {
                "type": "minecraft:item",
                "weight": 10,
                "name": "minecraft:iron_ingot"
              },
              {
                "type": "minecraft:item",
                "weight": 10,
                "name": "minecraft:gold_ingot"
              },
              {
                "type": "minecraft:item",
                "weight": 15,
                "name": "minecraft:string"
              },
              {
                "type": "minecraft:item",
                "weight": 5,
                "name": "minecraft:apple"
              }
        ]
      }
    ]
  }
  