{
    "type": "minecraft:fishing",
    "pools": [
      {
        "rolls": 1,
        "bonus_rolls": 0,
        "entries": [
            {
                "type": "minecraft:item",
                "weight": 15,
                "name": "minecraft:diamond"
              },
              {
                "type": "minecraft:item",
                "weight": 30,
                "name": "minecraft:iron_block"
              },
              {
                "type": "minecraft:item",
                "weight": 30,
                "name": "minecraft:gold_block"
              },
              {
                "type": "minecraft:loot_table",
                "weight": 10,
                "value": "sg:fishing/netherite"
              },
              {
                "type": "minecraft:item",
                "weight": 5,
                "name": "minecraft:trident",
                "functions": [
                  {
                    "function": "minecraft:set_damage",
                    "damage": {
                      "type": "minecraft:uniform",
                      "min": 0.8,
                      "max": 0.95
                    },
                    "add": false
                  }
                ]
              },
              {
                "type": "minecraft:item",
                "name": "minecraft:potion",
                "weight": 10,
                "functions": [
                  {
                    "function": "minecraft:set_potion",
                    "id": "minecraft:long_water_breathing"
                  },
                  {
                    "function": "set_count",
                    "count": 1
                  }
                ]
              }
        ]
      }
    ]
  }
  